ID,Twitter URL,Local Image Path,Reply Text
1,https://twitter.com/AltPhinny/status/1382125508620660736/photo/1,downloaded_images/twitter_1382125508620660736.jpg,Why are you looking at me?
2,https://twitter.com/AltPhinny/status/1382125550295261186/photo/1,downloaded_images/twitter_1382125550295261186.jpg,I'm uPfront
3,https://twitter.com/AltPhinny/status/1382125596231225344/photo/1,downloaded_images/twitter_1382125596231225344.jpg,WhERE ARE THE TURTLES!
4,https://twitter.com/AltPhinny/status/1382125652510400515/photo/1,downloaded_images/twitter_1382125652510400515.jpg,I'm listenIng
5,https://twitter.com/AltPhinny/status/1382125710450552844/photo/1,downloaded_images/twitter_1382125710450552844.jpg,Look there!!
6,https://twitter.com/AltPhinny/status/1382125808974647297/photo/1,downloaded_images/twitter_1382125808974647297.jpg,Hey there!
7,https://twitter.com/AltPhinny/status/1382125900779638786/photo/1,downloaded_images/twitter_1382125900779638786.jpg,"What's the matter, "
8,https://twitter.com/AltPhinny/status/1382125950540918789/photo/1,downloaded_images/twitter_1382125950540918789.jpg,Just chilliNg in Cedar Rapids
9,https://twitter.com/AltPhinny/status/1402599234713554950/photo/1,downloaded_images/twitter_1402599234713554950.jpg,I can't seEm to turn off the computer...
10,https://twitter.com/AltPhinny/status/1382126054983229441/photo/1,downloaded_images/twitter_1382126054983229441.jpg,GIMME
11,https://twitter.com/AltPhinny/status/1382126080463634436/photo/1,downloaded_images/twitter_1382126080463634436.jpg,Any left?
12,https://twitter.com/AltPhinny/status/1382126119357415424/photo/1,downloaded_images/twitter_1382126119357415424.jpg,I'm a professionAl
13,https://twitter.com/AltPhinny/status/1382126161724071937/photo/1,downloaded_images/twitter_1382126161724071937.jpg,"Very comfy, I must say"
14,https://twitter.com/AltPhinny/status/1382126206691246082/photo/1,downloaded_images/twitter_1382126206691246082.jpg,Let's have a staring conteSt
15,https://twitter.com/AltPhinny/status/1382126252711108611/photo/1,downloaded_images/twitter_1382126252711108611.jpg,Had a good nap
16,https://twitter.com/AltPhinny/status/1382126297145556996/photo/1,downloaded_images/twitter_1382126297145556996.jpg,What's your obsession wiTh cups?!
17,https://twitter.com/AltPhinny/status/1382126331949907970/photo/1,downloaded_images/twitter_1382126331949907970.jpg,It's hot in hEre!
18,https://twitter.com/AltPhinny/status/1382126380834492416/photo/1,downloaded_images/twitter_1382126380834492416.jpg,"Why's there a paCifier in my mouth?! I'm a dog, not a baby!"
19,https://twitter.com/AltPhinny/status/1382126442713133062/photo/1,downloaded_images/twitter_1382126442713133062.jpg,I love stuffed animals
20,https://twitter.com/AltPhinny/status/1382126493871046666/photo/1,downloaded_images/twitter_1382126493871046666.jpg,Whoa tHere!
21,https://twitter.com/AltPhinny/status/1382126556357791748/photo/1,downloaded_images/twitter_1382126556357791748.jpg,How do I turn this thing on!
22,https://twitter.com/AltPhinny/status/1382126591912898566/photo/1,downloaded_images/twitter_1382126591912898566.jpg,Huh?
23,https://twitter.com/AltPhinny/status/1382126645021184004/photo/1,downloaded_images/twitter_1382126645021184004.jpg,Still waiting in the Starbucks line...
24,https://twitter.com/AltPhinny/status/1382126691221397505/photo/1,downloaded_images/twitter_1382126691221397505.jpg,"Ign.ore Bad, he's being annoying"
25,https://twitter.com/AltPhinny/status/1382126763128537095/photo/1,downloaded_images/twitter_1382126763128537095.jpg,Sleeping is my one passion
26,https://twitter.com/AltPhinny/status/1382126811698634754/photo/1,downloaded_images/twitter_1382126811698634754.jpg,I'M STUCK IN THE DISHWASHER!! WHAT WAS BAD THINKING!?
27,https://twitter.com/AltPhinny/status/1382126853046030336/photo/1,downloaded_images/twitter_1382126853046030336.jpg,"Oooo, I hear some tea!"
28,https://twitter.com/AltPhinny/status/1382126931265617922/photo/1,downloaded_images/twitter_1382126931265617922.jpg,That is a lot to take in
29,https://twitter.com/AltPhinny/status/1382127110215569420/photo/1,downloaded_images/twitter_1382127110215569420.jpg,Am I awake or asleep?
30,https://twitter.com/AltPhinny/status/1382127169502085128/photo/1,downloaded_images/twitter_1382127169502085128.jpg,"You moved your head, ha!"
31,https://twitter.com/AltPhinny/status/1382127230810226689/photo/1,downloaded_images/twitter_1382127230810226689.jpg,I just wanna stay home! ;(
32,https://twitter.com/AltPhinny/status/1382127271717310467/photo/1,downloaded_images/twitter_1382127271717310467.jpg,"Ah, I'm finally safe"
33,https://twitter.com/AltPhinny/status/1382127351396438020/photo/1,downloaded_images/twitter_1382127351396438020.jpg,Time for bed!
34,https://twitter.com/AltPhinny/status/1382127388113387520/photo/1,downloaded_images/twitter_1382127388113387520.jpg,Treats are my expertise!
35,https://twitter.com/AltPhinny/status/1382127454500831236/photo/1,downloaded_images/twitter_1382127454500831236.jpg,What's going through my brain?
36,https://twitter.com/AltPhinny/status/1382127525518843904/photo/1,downloaded_images/twitter_1382127525518843904.jpg,Time to snack!
37,https://twitter.com/AltPhinny/status/1382127651343728642/photo/1,downloaded_images/twitter_1382127651343728642.jpg,Do I see cheesy fries?!
38,https://twitter.com/AltPhinny/status/1382127789252472836/photo/1,downloaded_images/twitter_1382127789252472836.jpg,I DESERVE THE TREATS!
39,https://twitter.com/AltPhinny/status/1382127858286538757/photo/1,downloaded_images/twitter_1382127858286538757.jpg,I had a long day at work...
40,https://twitter.com/AltPhinny/status/1382127907749904388/photo/1,downloaded_images/twitter_1382127907749904388.jpg,Buy Bad's merCh so I can get more treats!
41,https://twitter.com/AltPhinny/status/1382127967040630789/photo/1,downloaded_images/twitter_1382127967040630789.jpg,I didn't see that!
42,https://twitter.com/AltPhinny/status/1382128538711699457/photo/1,downloaded_images/twitter_1382128538711699457.jpg,"This mOvie's horrible, but I can't look away"
43,https://twitter.com/AltPhinny/status/1382128619431006209/photo/1,downloaded_images/twitter_1382128619431006209.jpg,Why are you filMing me?!
44,https://twitter.com/AltPhinny/status/1382128672287625222/photo/1,downloaded_images/twitter_1382128672287625222.jpg,Did I hear the do/orbell?!
45,https://twitter.com/AltPhinny/status/1382128727685992450/photo/1,downloaded_images/twitter_1382128727685992450.jpg,"Let me just lay down, "
46,https://twitter.com/AltPhinny/status/1382128838994432004/photo/1,downloaded_images/twitter_1382128838994432004.jpg,I'm a tea connoisseur
47,https://twitter.com/AltPhinny/status/1382129038253260806/photo/1,downloaded_images/twitter_1382129038253260806.jpg,"Seriously, what was Bad thinking when he posted this..."
48,https://twitter.com/AltPhinny/status/1382129232512434177/photo/1,downloaded_images/twitter_1382129232512434177.jpg,I get my daily Vitamin C!
49,https://twitter.com/AltPhinny/status/1382129333263863808/photo/1,downloaded_images/twitter_1382129333263863808.jpg,This doesn't look right...
50,https://twitter.com/AltPhinny/status/1382129377941540864/photo/1,downloaded_images/twitter_1382129377941540864.jpg,Welcome to my house!
51,https://twitter.com/AltPhinny/status/1382129492618002435/photo/1,downloaded_images/twitter_1382129492618002435.jpg,I hope you brought something to the potluck
52,https://twitter.com/AltPhinny/status/1382129584980828163/photo/1,downloaded_images/twitter_1382129584980828163.jpg,I love my new mittens and earmuffs!
53,https://twitter.com/AltPhinny/status/1382129794159108099/photo/1,downloaded_images/twitter_1382129794159108099.jpg,Who enjoys eating their fur?! Bad loves playing cruel tricks >:(
54,https://twitter.com/AltPhinny/status/1382129919153610753/photo/1,downloaded_images/twitter_1382129919153610753.jpg,Let me out!!
55,https://twitter.com/AltPhinny/status/1382326298551447554/photo/1,downloaded_images/twitter_1382326298551447554.jpg,Time for bed
56,https://twitter.com/AltPhinny/status/1382326333687148546/photo/1,downloaded_images/twitter_1382326333687148546.jpg,What's up?
57,https://twitter.com/AltPhinny/status/1382326374090817538/photo/1,downloaded_images/twitter_1382326374090817538.jpg,Ratception
58,https://twitter.com/AltPhinny/status/1382326459415605249/photo/1,downloaded_images/twitter_1382326459415605249.jpg,I'm a bag of fur!
59,https://twitter.com/AltPhinny/status/1382326518416879616/photo/1,downloaded_images/twitter_1382326518416879616.jpg,Atten-HUT!
60,https://twitter.com/AltPhinny/status/1382326553690968067/photo/1,downloaded_images/twitter_1382326553690968067.jpg,Let me tell you something...I like turtles.
61,https://twitter.com/AltPhinny/status/1382326637073678337/photo/1,downloaded_images/twitter_1382326637073678337.jpg,I'm a Ratstronaut!
62,https://twitter.com/AltPhinny/status/1382326741335695360/photo/1,downloaded_images/twitter_1382326741335695360.jpg,Why's the camera in my face?
63,https://twitter.com/AltPhinny/status/1382326809631592456/photo/1,downloaded_images/twitter_1382326809631592456.jpg,I wish they made these in dog sizes
64,https://twitter.com/AltPhinny/status/1382326914791145474/photo/1,downloaded_images/twitter_1382326914791145474.jpg,Not too happy about that
65,https://twitter.com/AltPhinny/status/1382326974950031364/photo/1,downloaded_images/twitter_1382326974950031364.jpg,When will you go to bed?
66,https://twitter.com/AltPhinny/status/1382327064267788289/photo/1,downloaded_images/twitter_1382327064267788289.jpg,New blankies are so comfy
67,https://twitter.com/AltPhinny/status/1382327429369303040/photo/1,downloaded_images/twitter_1382327429369303040.jpg,Could you get the remote? I'm too wrapped up in the blanket.
68,https://twitter.com/AltPhinny/status/1382327498881531905/photo/1,downloaded_images/twitter_1382327498881531905.jpg,"Let's continue the walk, "
69,https://twitter.com/AltPhinny/status/1382327529424498692/photo/1,downloaded_images/twitter_1382327529424498692.jpg,ARE SKEPPY AND BAD MEETING UP?!
70,https://twitter.com/AltPhinny/status/1382327647133388800/photo/1,downloaded_images/twitter_1382327647133388800.jpg,GIMME DAT FOOD!
71,https://twitter.com/AltPhinny/status/1382327720118484997/photo/1,downloaded_images/twitter_1382327720118484997.jpg,It's too dark!
72,https://twitter.com/AltPhinny/status/1382327885491539969/photo/1,downloaded_images/twitter_1382327885491539969.jpg,I HATE BATHS!
73,https://twitter.com/AltPhinny/status/1382327938729840649/photo/1,downloaded_images/twitter_1382327938729840649.jpg,Time to dry off
74,https://twitter.com/AltPhinny/status/1382328008388837378/photo/1,downloaded_images/twitter_1382328008388837378.jpg,I smell treats
75,https://twitter.com/AltPhinny/status/1382328120699719688/photo/1,downloaded_images/twitter_1382328120699719688.jpg,"I wish dogs could eat chocolate (don't give your dog chocolate, it's toXic)"
76,https://twitter.com/AltPhinny/status/1382328169089355778/photo/1,downloaded_images/twitter_1382328169089355778.jpg,Are there games on your phone?
77,https://twitter.com/AltPhinny/status/1382328230343016450/photo/1,downloaded_images/twitter_1382328230343016450.jpg,POg
78,https://twitter.com/AltPhinny/status/1382329152787873797/photo/1,downloaded_images/twitter_1382329152787873797.jpg,Just passed my driving test! Now I'm getting grOceries from Wal-Mart.
79,https://twitter.com/AltPhinny/status/1382329197981491202/photo/1,downloaded_images/twitter_1382329197981491202.jpg,TREATS
80,https://twitter.com/AltPhinny/status/1382329293619990534/photo/1,downloaded_images/twitter_1382329293619990534.jpg,I will do anything for a snack
81,https://twitter.com/AltPhinny/status/1382329378810515456/photo/1,downloaded_images/twitter_1382329378810515456.jpg,Num num num num!
82,https://twitter.com/AltPhinny/status/1382725047547260931/photo/1,downloaded_images/twitter_1382725047547260931.jpg,Plop!
83,https://twitter.com/AltPhinny/status/1382725164341809153/photo/1,downloaded_images/twitter_1382725164341809153.jpg,I hate cages...
84,https://twitter.com/AltPhinny/status/1382725471847264258/photo/1,downloaded_images/twitter_1382725471847264258.jpg,Time to party!
85,https://twitter.com/AltPhinny/status/1382725522174656514/photo/1,downloaded_images/twitter_1382725522174656514.jpg,Tell me what you think is on my mind
86,https://twitter.com/AltPhinny/status/1382725582132236288/photo/1,downloaded_images/twitter_1382725582132236288.jpg,I have very big eyes
87,https://twitter.com/AltPhinny/status/1382725812772814849/photo/1,downloaded_images/twitter_1382725812772814849.jpg,I enjoy taking strolls in the park
88,https://twitter.com/AltPhinny/status/1382726373664522240/photo/1,downloaded_images/twitter_1382726373664522240.jpg,I've heard I'm a snorer
89,https://twitter.com/AltPhinny/status/1382726429729824768/photo/1,downloaded_images/twitter_1382726429729824768.jpg,I get treats when I stick my tongue out
90,https://twitter.com/AltPhinny/status/1382726479159648260/photo/1,downloaded_images/twitter_1382726479159648260.jpg,I didn't get any treats today ;(
91,https://twitter.com/AltPhinny/status/1382728594842136577/photo/1,downloaded_images/twitter_1382728594842136577.jpg,Why is there a camera in my face?! I'm trying to sleep!
92,https://twitter.com/AltPhinny/status/1382728667269373955/photo/1,downloaded_images/twitter_1382728667269373955.jpg,Subscribe to BadBoyHalo so I can get toys other than paper plates
93,https://twitter.com/AltPhinny/status/1382728738232795138/photo/1,downloaded_images/twitter_1382728738232795138.jpg,GIMME!!
94,https://twitter.com/AltPhinny/status/1382728797028499459/photo/1,downloaded_images/twitter_1382728797028499459.jpg,"uhhhhh, I'm not part of this"
95,https://twitter.com/AltPhinny/status/1382728843648196612/photo/1,downloaded_images/twitter_1382728843648196612.jpg,"Why are you livestreaming again?"
96,https://twitter.com/AltPhinny/status/1382728911558123521/photo/1,downloaded_images/twitter_1382728911558123521.jpg,"Chocolate, my forbidden pleasure..."
97,https://twitter.com/AltPhinny/status/1382736854684930048/photo/1,downloaded_images/twitter_1382736854684930048.jpg,Kids these days...
98,https://twitter.com/AltPhinny/status/1388327483427131395/photo/1,downloaded_images/twitter_1388327483427131395.jpg,I have a PhD in looking cute
99,https://twitter.com/AltPhinny/status/1382743183080194049/photo/1,downloaded_images/twitter_1382743183080194049.jpg,"I don't really understand Minecraft, to be honest"
100,https://twitter.com/AltPhinny/status/1382744016907812870/photo/1,downloaded_images/twitter_1382744016907812870.jpg,Why does Bad keep teasing me?
101,https://twitter.com/AltPhinny/status/1382744058913820674/photo/1,downloaded_images/twitter_1382744058913820674.jpg,zzzzzz...
102,https://twitter.com/AltPhinny/status/1382744111606865922/photo/1,downloaded_images/twitter_1382744111606865922.jpg,"I'm taller than TommyInnit, Dream, and Wilbur combined (after all your constant nagging, I have decided to add Ranboo to this statement as well. Thanks for nothing, you annoying humans)"
103,https://twitter.com/AltPhinny/status/1382766850518433793/photo/1,downloaded_images/twitter_1382766850518433793.jpg,I'm an expert at looking cute
104,https://twitter.com/AltPhinny/status/1382767133659136004/photo/1,downloaded_images/twitter_1382767133659136004.jpg,Why am I so blurry?
105,https://twitter.com/AltPhinny/status/1382767201946591234/photo/1,downloaded_images/twitter_1382767201946591234.jpg,I'm intrigued
106,https://twitter.com/AltPhinny/status/1382767285329408001/photo/1,downloaded_images/twitter_1382767285329408001.jpg,My tongue looks like a snake
107,https://twitter.com/AltPhinny/status/1382767371157397505/photo/1,downloaded_images/twitter_1382767371157397505.jpg,"You know, you're not a disappointment"
108,https://twitter.com/AltPhinny/status/1382823611682193413/photo/1,downloaded_images/twitter_1382823611682193413.jpg,I NOW HATE WATER BOTTLES IN ADDITION TO THE NEIGHBOR'S CAT!
109,https://twitter.com/AltPhinny/status/1383048535923421187/photo/1,downloaded_images/twitter_1383048535923421187.jpg,"I'm not crazy, YOU'RE crazy!!"
110,https://twitter.com/AltPhinny/status/1383048621000654848/photo/1,downloaded_images/twitter_1383048621000654848.jpg,LET. ME. OUT.
111,https://twitter.com/AltPhinny/status/1383048738051084288/photo/1,downloaded_images/twitter_1383048738051084288.jpg,I've always wondered what the white part of my eye is (it's a sclera)
112,https://twitter.com/AltPhinny/status/1383048858465357834/photo/1,downloaded_images/twitter_1383048858465357834.jpg,I wasn't able to get my Youtooz ;( (I got it!!)
113,https://twitter.com/AltPhinny/status/1383048882872053769/photo/1,downloaded_images/twitter_1383048882872053769.jpg,This excludes @Quackity for kicking me
114,https://twitter.com/AltPhinny/status/1383049120345161736/photo/1,downloaded_images/twitter_1383049120345161736.jpg,Bad likes taking pictures of when I'm crying >:(
115,https://twitter.com/AltPhinny/status/1383049630594764800/photo/1,downloaded_images/twitter_1383049630594764800.jpg,I'm a cutie without putting in any eFfort
116,https://twitter.com/AltPhinny/status/1383049731761434625/photo/1,downloaded_images/twitter_1383049731761434625.jpg,ACHOO!!
117,https://twitter.com/AltPhinny/status/1383049844231651329/photo/1,downloaded_images/twitter_1383049844231651329.jpg,I sense some itching in the very near future...
118,https://twitter.com/AltPhinny/status/1383050003149697027/photo/1,downloaded_images/twitter_1383050003149697027.jpg,ARE YOU TEASING ME AGAIN BECAUSE I CAN'T EAT CHOCOLATE!?
119,https://twitter.com/AltPhinny/status/1383050191473872896/photo/1,downloaded_images/twitter_1383050191473872896.jpg,I've even a cutie upside-down
120,https://twitter.com/AltPhinny/status/1383050341948743681/photo/1,downloaded_images/twitter_1383050341948743681.jpg,I'm not liking hoW my neck feels
121,https://twitter.com/AltPhinny/status/1383050482399199232/photo/1,downloaded_images/twitter_1383050482399199232.jpg,"This is humiliAting, Bad"
122,https://twitter.com/AltPhinny/status/1383050845416259586/photo/1,downloaded_images/twitter_1383050845416259586.jpg,You're not posting pictures of me like this to Twitter!
123,https://twitter.com/AltPhinny/status/1383051396510007298/photo/1,downloaded_images/twitter_1383051396510007298.jpg,"Fine, you got your photo-op, "
124,https://twitter.com/AltPhinny/status/1383051464550014989/photo/1,downloaded_images/twitter_1383051464550014989.jpg,I'm feeling dizzy...
125,https://twitter.com/AltPhinny/status/1383051935251566593/photo/1,downloaded_images/twitter_1383051935251566593.jpg,I'm not sure what this image is supposed to be
126,https://twitter.com/AltPhinny/status/1383052013018173440/photo/1,downloaded_images/twitter_1383052013018173440.jpg,PantinG is supposed to make my temperature cool down
127,https://twitter.com/AltPhinny/status/1383052544793010176/photo/1,downloaded_images/twitter_1383052544793010176.jpg,I looK like a rose with seeds
128,https://twitter.com/AltPhinny/status/1383052612602368005/photo/1,downloaded_images/twitter_1383052612602368005.jpg,I'm currently playing hide and seek
129,https://twitter.com/AltPhinny/status/1383052660979425280/photo/1,downloaded_images/twitter_1383052660979425280.jpg,Did you know that my nickname is Rat because I look like one when my hair's cut?
130,https://twitter.com/AltPhinny/status/1383052723269013505/photo/1,downloaded_images/twitter_1383052723269013505.jpg,I'm very confused at the moment
131,https://twitter.com/AltPhinny/status/1383052813018746888/photo/1,downloaded_images/twitter_1383052813018746888.jpg,Get that camera out of my face!
132,https://twitter.com/AltPhinny/status/1383053058708533250/photo/1,downloaded_images/twitter_1383053058708533250.jpg,The other Rat and I love doing everything together
133,https://twitter.com/AltPhinny/status/1383053116795465733/photo/1,downloaded_images/twitter_1383053116795465733.jpg,Something we all have in common is the need to sleep
134,https://twitter.com/AltPhinny/status/1383053230872084485/photo/1,downloaded_images/twitter_1383053230872084485.jpg,I'M BEING USED AS A PILLOW!
135,https://twitter.com/AltPhinny/status/1383053286048198662/photo/1,downloaded_images/twitter_1383053286048198662.jpg,What in the world is going on!
136,https://twitter.com/AltPhinny/status/1383053404445028355/photo/1,downloaded_images/twitter_1383053404445028355.jpg,"Ok, that is weird, and this is coming from someone who plays with paper plates"
137,https://twitter.com/AltPhinny/status/1383053556886994947/photo/1,downloaded_images/twitter_1383053556886994947.jpg,I'm gonna pretend I'm sleeping until Bad takes his fingers off me
138,https://twitter.com/AltPhinny/status/1383053633642770432/photo/1,downloaded_images/twitter_1383053633642770432.jpg,Who in their right mind eats pickle chips?!
139,https://twitter.com/AltPhinny/status/1383053722616487936/photo/1,downloaded_images/twitter_1383053722616487936.jpg,"Potato chips are just empty calories, and I'm not eating them"
140,https://twitter.com/AltPhinny/status/1383053791898009603/photo/1,downloaded_images/twitter_1383053791898009603.jpg,You see? 
141,https://twitter.com/AltPhinny/status/1383053862349762567/photo/1,downloaded_images/twitter_1383053862349762567.jpg,"I accept any gifts you have for me, "
142,https://twitter.com/AltPhinny/status/1383054121486450689/photo/1,downloaded_images/twitter_1383054121486450689.jpg,Why did Phineas even add this picture to the bot? There's nothing to it
143,https://twitter.com/AltPhinny/status/1383054198640611330/photo/1,downloaded_images/twitter_1383054198640611330.jpg,I'm not a fan of the camera
144,https://twitter.com/AltPhinny/status/1383054365427122182/photo/1,downloaded_images/twitter_1383054365427122182.jpg,I just want to sleep in peace
145,https://twitter.com/AltPhinny/status/1383054437892100100/photo/1,downloaded_images/twitter_1383054437892100100.jpg,I'm getting tired of writing captions
146,https://twitter.com/AltPhinny/status/1383054587339411461/photo/1,downloaded_images/twitter_1383054587339411461.jpg,That is not a mess I want to be a part of
147,https://twitter.com/AltPhinny/status/1383054730201554951/photo/1,downloaded_images/twitter_1383054730201554951.jpg,"Just a blank stare, nothing else"
148,https://twitter.com/AltPhinny/status/1383055337587113986/photo/1,downloaded_images/twitter_1383055337587113986.jpg,I've finally learned to look directly into the lense of the camera
149,https://twitter.com/AltPhinny/status/1383055537399533570/photo/1,downloaded_images/twitter_1383055537399533570.jpg,Why does Phineas keep gathering low-quality images!?
150,https://twitter.com/AltPhinny/status/1383055729154789381/photo/1,downloaded_images/twitter_1383055729154789381.jpg,I love my sweater!
151,https://twitter.com/AltPhinny/status/1383055894016053249/photo/1,downloaded_images/twitter_1383055894016053249.jpg,I don't want to eat my vegetables!
152,https://twitter.com/AltPhinny/status/1383055963905724419/photo/1,downloaded_images/twitter_1383055963905724419.jpg,"Yo, what's up?"
153,https://twitter.com/AltPhinny/status/1383056021514502151/photo/1,downloaded_images/twitter_1383056021514502151.jpg,"Uhhhh, woof"
154,https://twitter.com/AltPhinny/status/1383056076908728331/photo/1,downloaded_images/twitter_1383056076908728331.jpg,I'm just preparing for the snacks
155,https://twitter.com/AltPhinny/status/1383056144327974914/photo/1,downloaded_images/twitter_1383056144327974914.jpg,I'm cuter than the other Rat
156,https://twitter.com/AltPhinny/status/1383056300322521089/photo/1,downloaded_images/twitter_1383056300322521089.jpg,Tilting my head makes me cuter and gets me more snacks
157,https://twitter.com/AltPhinny/status/1383056482980278280/photo/1,downloaded_images/twitter_1383056482980278280.jpg,Who needs blankets when you've got a sweater?
158,https://twitter.com/AltPhinny/status/1383056664937500672/photo/1,downloaded_images/twitter_1383056664937500672.jpg,"Yet another low-quality image, Phineas..."
159,https://twitter.com/AltPhinny/status/1383056748731371520/photo/1,downloaded_images/twitter_1383056748731371520.jpg,I love filters!!
160,https://twitter.com/AltPhinny/status/1383056841052131333/photo/1,downloaded_images/twitter_1383056841052131333.jpg,I know you have snacks, so hand them over peacefully
161,https://twitter.com/AltPhinny/status/1383056944777289730/photo/1,downloaded_images/twitter_1383056944777289730.jpg,I think I'm in need of a good scrub
162,https://twitter.com/AltPhinny/status/1383057143109144576/photo/1,downloaded_images/twitter_1383057143109144576.jpg,Is there something for me?!
163,https://twitter.com/AltPhinny/status/1383057252660224001/photo/1,downloaded_images/twitter_1383057252660224001.jpg,LANGUAGE!
164,https://twitter.com/AltPhinny/status/1383057336613359617/photo/1,downloaded_images/twitter_1383057336613359617.jpg,I'd look so cute in this!!
165,https://twitter.com/AltPhinny/status/1383057404837904396/photo/1,downloaded_images/twitter_1383057404837904396.jpg,Why does Bad keep embarrassing himself?
166,https://twitter.com/AltPhinny/status/1383057465554702341/photo/1,downloaded_images/twitter_1383057465554702341.jpg,WHAT ARE YOU DOING!? I haven't done my hair yet!!
167,https://twitter.com/AltPhinny/status/1383057666138898433/photo/1,downloaded_images/twitter_1383057666138898433.jpg,"To be honest, I don't like potatoes"
168,https://twitter.com/AltPhinny/status/1383057756660318208/photo/1,downloaded_images/twitter_1383057756660318208.jpg,I'm so cute that I'm gonna be on the Vogue cover next year
169,https://twitter.com/AltPhinny/status/1383057991528812551/photo/1,downloaded_images/twitter_1383057991528812551.jpg,Only a bar separates us
170,https://twitter.com/AltPhinny/status/1383058165965668357/photo/1,downloaded_images/twitter_1383058165965668357.jpg,You people are awesome!
171,https://twitter.com/AltPhinny/status/1383058230994206723/photo/1,downloaded_images/twitter_1383058230994206723.jpg,"All I want for Christmas, is treats!!"
172,https://twitter.com/AltPhinny/status/1383058372199596033/photo/1,downloaded_images/twitter_1383058372199596033.jpg,I'm not coming out until Bad gives me a muffin!
173,https://twitter.com/AltPhinny/status/1383058558951043072/photo/1,downloaded_images/twitter_1383058558951043072.jpg,I wasn't given any muffins :(
174,https://twitter.com/AltPhinny/status/1383091640391364608/photo/1,downloaded_images/twitter_1383091640391364608.jpg,Why do I hear so much language in Bad's Jackbox game?
175,https://twitter.com/AltPhinny/status/1383091747203452931/photo/1,downloaded_images/twitter_1383091747203452931.jpg,I'm a birthday Rat!
176,https://twitter.com/AltPhinny/status/1383091824470937601/photo/1,downloaded_images/twitter_1383091824470937601.jpg,Why do we even have birthday parties?
177,https://twitter.com/AltPhinny/status/1383091879462510597/photo/1,downloaded_images/twitter_1383091879462510597.jpg,"Bad's getting stalkerish, taking pictures while I'm sleeping"
178,https://twitter.com/AltPhinny/status/1383091942993563649/photo/1,downloaded_images/twitter_1383091942993563649.jpg,That's how I look whenever Bad says Lucy
179,https://twitter.com/AltPhinny/status/1383092028683264002/photo/1,downloaded_images/twitter_1383092028683264002.jpg,Are there phones on your game?
180,https://twitter.com/AltPhinny/status/1383092107510960129/photo/1,downloaded_images/twitter_1383092107510960129.jpg,I can count the individual pixels in this picture
181,https://twitter.com/AltPhinny/status/1383092189023109125/photo/1,downloaded_images/twitter_1383092189023109125.jpg,"When I'm sleeping, I only think about treats, language, muffins, and 14"
182,https://twitter.com/AltPhinny/status/1383092260984786945/photo/1,downloaded_images/twitter_1383092260984786945.jpg,"Do you play Club Penguin, "
183,https://twitter.com/AltPhinny/status/1383092347379007491/photo/1,downloaded_images/twitter_1383092347379007491.jpg,"Are you subscribed to BadBoyHalo and Skeppy? (and PhineasCPR, shhhhh)"
184,https://twitter.com/AltPhinny/status/1383092426563325969/photo/1,downloaded_images/twitter_1383092426563325969.jpg,I am making this apology video because of what I did on camera to get treats
185,https://twitter.com/AltPhinny/status/1383092538056261647/photo/1,downloaded_images/twitter_1383092538056261647.jpg,I am very sad that you don't think I'm as cute as I know I am
186,https://twitter.com/AltPhinny/status/1383092686131974153/photo/1,downloaded_images/twitter_1383092686131974153.jpg,DRY ME!
187,https://twitter.com/AltPhinny/status/1383092762904563713/photo/1,downloaded_images/twitter_1383092762904563713.jpg,"This is a random time to take a picture of me, Bad"
188,https://twitter.com/AltPhinny/status/1386845025745702917/photo/1,downloaded_images/twitter_1386845025745702917.jpg,This is not my full height
189,https://twitter.com/AltPhinny/status/1386845182302302216/photo/1,downloaded_images/twitter_1386845182302302216.jpg,Num num num num num (I'm trying to imitate Stampy)
190,https://twitter.com/AltPhinny/status/1386845748822777857/photo/1,downloaded_images/twitter_1386845748822777857.jpg,Pouting gets me treats
191,https://twitter.com/AltPhinny/status/1386845804397223943/photo/1,downloaded_images/twitter_1386845804397223943.jpg,Bad thinks I'm a garden gnome for some reason...
192,https://twitter.com/AltPhinny/status/1386846296422690819/photo/1,downloaded_images/twitter_1386846296422690819.jpg,Time for bed
193,https://twitter.com/AltPhinny/status/1386846407517212674/photo/1,downloaded_images/twitter_1386846407517212674.jpg,I'm a supermodel
194,https://twitter.com/AltPhinny/status/1386846476748328965/photo/1,downloaded_images/twitter_1386846476748328965.jpg,I'm a bit worried about something...
195,https://twitter.com/AltPhinny/status/1386846559300636672/photo/1,downloaded_images/twitter_1386846559300636672.jpg,Bad's obsession with the camera is getting annoying
196,https://twitter.com/AltPhinny/status/1386846631572684805/photo/1,downloaded_images/twitter_1386846631572684805.jpg,"Again, parties are overrated"
197,https://twitter.com/AltPhinny/status/1386846754767872009/photo/1,downloaded_images/twitter_1386846754767872009.jpg,Peek-a-boo!
198,https://twitter.com/AltPhinny/status/1386847122293678080/photo/1,downloaded_images/twitter_1386847122293678080.jpg,"There's someone behind me, "
199,https://twitter.com/AltPhinny/status/1386847215650476043/photo/1,downloaded_images/twitter_1386847215650476043.jpg,Flip the camera!!
200,https://twitter.com/AltPhinny/status/1386847337088180224/photo/1,downloaded_images/twitter_1386847337088180224.jpg,Those eyes are eyes that want food
201,https://twitter.com/AltPhinny/status/1386847492696854528/photo/1,downloaded_images/twitter_1386847492696854528.jpg,Why am I so tall?!
202,https://twitter.com/AltPhinny/status/1386847589526654976/photo/1,downloaded_images/twitter_1386847589526654976.jpg,The look when you're pretending to listen but really aren't
203,https://twitter.com/AltPhinny/status/1386847687128100876/photo/1,downloaded_images/twitter_1386847687128100876.jpg,"Ha, one of my eyes is covered!"
204,https://twitter.com/AltPhinny/status/1386847762810028040/photo/1,downloaded_images/twitter_1386847762810028040.jpg,"Oops, I left in a photo I wasn't meant to take!"
205,https://twitter.com/AltPhinny/status/1386847863259422720/photo/1,downloaded_images/twitter_1386847863259422720.jpg,I'm a Bad Boy (even though I'm a girl)
206,https://twitter.com/AltPhinny/status/1386847980087558147/photo/1,downloaded_images/twitter_1386847980087558147.jpg,The question we all want answered is whether I will get the leftovers
207,https://twitter.com/AltPhinny/status/1386848111235158017/photo/1,downloaded_images/twitter_1386848111235158017.jpg,When's the Skeppy and Bad meet-up?! ;(
208,https://twitter.com/AltPhinny/status/1386848253975699456/photo/1,downloaded_images/twitter_1386848253975699456.jpg,"It's your birthday, happy birthday"
209,https://twitter.com/AltPhinny/status/1386848364621443076/photo/1,downloaded_images/twitter_1386848364621443076.jpg,Sleepy time!
210,https://twitter.com/AltPhinny/status/1386848637699899395/photo/1,downloaded_images/twitter_1386848637699899395.jpg,What am I even looking at?
211,https://twitter.com/AltPhinny/status/1388259988200644614/photo/1,downloaded_images/twitter_1388259988200644614.jpg,The pollen keeps getting into my eyes!!
212,https://twitter.com/AltPhinny/status/1388260026268147718/photo/1,downloaded_images/twitter_1388260026268147718.jpg,"La la la la, la la la la! "
213,https://twitter.com/AltPhinny/status/1388260045998198786/photo/1,downloaded_images/twitter_1388260045998198786.jpg,Mlem
214,https://twitter.com/AltPhinny/status/1388262689126985729/photo/1,downloaded_images/twitter_1388262689126985729.jpg,The blankie's too comfy
215,https://twitter.com/AltPhinny/status/1388262838930743299/photo/1,downloaded_images/twitter_1388262838930743299.jpg,Ready for my num-nums!
216,https://twitter.com/AltPhinny/status/1388262911244742658/photo/1,downloaded_images/twitter_1388262911244742658.jpg,Zzzzzzzz
217,https://twitter.com/AltPhinny/status/1388263000562356225/photo/1,downloaded_images/twitter_1388263000562356225.jpg,"Please, "
218,https://twitter.com/AltPhinny/status/1388263105768079362/photo/1,downloaded_images/twitter_1388263105768079362.jpg,Suffering from success
219,https://twitter.com/AltPhinny/status/1388263180078551041/photo/1,downloaded_images/twitter_1388263180078551041.jpg,Cozy!!
220,https://twitter.com/AltPhinny/status/1388263262693863426/photo/1,downloaded_images/twitter_1388263262693863426.jpg,When can I finally play with Rocco?
221,https://twitter.com/AltPhinny/status/1388263336681353219/photo/1,downloaded_images/twitter_1388263336681353219.jpg,Bad needs to cover up the sun...
222,https://twitter.com/AltPhinny/status/1388263409070837760/photo/1,downloaded_images/twitter_1388263409070837760.jpg,"I do not like this cup, Sam-I-Am"
223,https://twitter.com/AltPhinny/status/1388263479807811586/photo/1,downloaded_images/twitter_1388263479807811586.jpg,Am I asleep or awake?
224,https://twitter.com/AltPhinny/status/1388263647533805573/photo/1,downloaded_images/twitter_1388263647533805573.jpg,"Very big and tall, I am"
225,https://twitter.com/AltPhinny/status/1388263868590329860/photo/1,downloaded_images/twitter_1388263868590329860.jpg,I'm sad because Bad isn't letting me start my own vlogging channel
226,https://twitter.com/AltPhinny/status/1388264063466184706/photo/1,downloaded_images/twitter_1388264063466184706.jpg,Paper plates are the new Frisbee
227,https://twitter.com/AltPhinny/status/1388264157674409989/photo/1,downloaded_images/twitter_1388264157674409989.jpg,I really need a haircut
228,https://twitter.com/AltPhinny/status/1388264229359206402/photo/1,downloaded_images/twitter_1388264229359206402.jpg,Can you twist as much as I can?
229,https://twitter.com/AltPhinny/status/1388264407487197189/photo/1,downloaded_images/twitter_1388264407487197189.jpg,This is my Politician pose
230,https://twitter.com/AltPhinny/status/1388264480652632071/photo/1,downloaded_images/twitter_1388264480652632071.jpg,My fur is longer than the Eiffel Tower
231,https://twitter.com/AltPhinny/status/1388264576920309762/photo/1,downloaded_images/twitter_1388264576920309762.jpg,Why am I walking on dead grass?
232,https://twitter.com/AltPhinny/status/1388264856919363584/photo/1,downloaded_images/twitter_1388264856919363584.jpg,I'm looking for the AC
233,https://twitter.com/AltPhinny/status/1388264998976344064/photo/1,downloaded_images/twitter_1388264998976344064.jpg,I'm licking that plate clean!
234,https://twitter.com/AltPhinny/status/1388265082774335495/photo/1,downloaded_images/twitter_1388265082774335495.jpg,"Shhhh, I'm sleeping"
235,https://twitter.com/AltPhinny/status/1388265170443677701/photo/1,downloaded_images/twitter_1388265170443677701.jpg,Am I sitting on a shoe?!
236,https://twitter.com/AltPhinny/status/1388265285120049159/photo/1,downloaded_images/twitter_1388265285120049159.jpg,"You are NOT taking me to the vet, "
237,https://twitter.com/AltPhinny/status/1388267671368654853/photo/1,downloaded_images/twitter_1388267671368654853.jpg,Just got a shot from the vet. Get yours
238,https://twitter.com/AltPhinny/status/1388267759860166657/photo/1,downloaded_images/twitter_1388267759860166657.jpg,I'm just a pile of fur
239,https://twitter.com/AltPhinny/status/1388267847433035777/photo/1,downloaded_images/twitter_1388267847433035777.jpg,Cute
240,https://twitter.com/AltPhinny/status/1388267924784308231/photo/1,downloaded_images/twitter_1388267924784308231.jpg,I'm a snorer
241,https://twitter.com/AltPhinny/status/1388268061724233740/photo/1,downloaded_images/twitter_1388268061724233740.jpg,Time for some TV
242,https://twitter.com/AltPhinny/status/1388268133987848195/photo/1,downloaded_images/twitter_1388268133987848195.jpg,The floor is inviting me to sleep
243,https://twitter.com/AltPhinny/status/1388268219027308547/photo/1,downloaded_images/twitter_1388268219027308547.jpg,What's up?
244,https://twitter.com/AltPhinny/status/1388268283372179456/photo/1,downloaded_images/twitter_1388268283372179456.jpg,I hate these mid-moment shots
245,https://twitter.com/AltPhinny/status/1388268377764945929/photo/1,downloaded_images/twitter_1388268377764945929.jpg,The most seemingly-uncomfortable spots tend to be the most fun to sleep in
246,https://twitter.com/AltPhinny/status/1388268455246372883/photo/1,downloaded_images/twitter_1388268455246372883.jpg,Made ya look!
247,https://twitter.com/AltPhinny/status/1388268546153754625/photo/1,downloaded_images/twitter_1388268546153754625.jpg,"Don't disturb me, "
248,https://twitter.com/AltPhinny/status/1388268597366169603/photo/1,downloaded_images/twitter_1388268597366169603.jpg,You disturbed me
249,https://twitter.com/AltPhinny/status/1388268778220408839/photo/1,downloaded_images/twitter_1388268778220408839.jpg,"Thank you for covering up the sun, "
250,https://twitter.com/AltPhinny/status/1388269081023889408/photo/1,downloaded_images/twitter_1388269081023889408.jpg,Do you have games on your pager?
251,https://twitter.com/AltPhinny/status/1388269196577067019/photo/1,downloaded_images/twitter_1388269196577067019.jpg,I can take on KSI in a boxing match
252,https://twitter.com/AltPhinny/status/1388269306480402435/photo/1,downloaded_images/twitter_1388269306480402435.jpg,I live in the dishwasher now
253,https://twitter.com/AltPhinny/status/1388269408301297664/photo/1,downloaded_images/twitter_1388269408301297664.jpg,I look like a loaf of bread
254,https://twitter.com/AltPhinny/status/1388269493647028224/photo/1,downloaded_images/twitter_1388269493647028224.jpg,Nom nom
255,https://twitter.com/AltPhinny/status/1388269563738050560/photo/1,downloaded_images/twitter_1388269563738050560.jpg,Why do people think this pic is ugly?
256,https://twitter.com/AltPhinny/status/1388269685301469185/photo/1,downloaded_images/twitter_1388269685301469185.jpg,Floofy
257,https://twitter.com/AltPhinny/status/1388269760346050562/photo/1,downloaded_images/twitter_1388269760346050562.jpg,Huh?
258,https://twitter.com/AltPhinny/status/1388269830067851264/photo/1,downloaded_images/twitter_1388269830067851264.jpg,You called
259,https://twitter.com/AltPhinny/status/1388269888771432449/photo/1,downloaded_images/twitter_1388269888771432449.jpg,Did you know that 0! = 1?
260,https://twitter.com/AltPhinny/status/1388269963169968129/photo/1,downloaded_images/twitter_1388269963169968129.jpg,"Tonight, I eat like a queen!"
261,https://twitter.com/AltPhinny/status/1388270052550524931/photo/1,downloaded_images/twitter_1388270052550524931.jpg,Take my hand and hold on tight
262,https://twitter.com/AltPhinny/status/1388270132410077184/photo/1,downloaded_images/twitter_1388270132410077184.jpg,Say strawberry before I sneeze!!
263,https://twitter.com/AltPhinny/status/1388270213045555206/photo/1,downloaded_images/twitter_1388270213045555206.jpg,You didn't watch Stampy as a kid? Disappointing...
264,https://twitter.com/AltPhinny/status/1388270322454040579/photo/1,downloaded_images/twitter_1388270322454040579.jpg,"Beware, "
265,https://twitter.com/AltPhinny/status/1388270404716879872/photo/1,downloaded_images/twitter_1388270404716879872.jpg,Phineas still hasn't finished the captions...
266,https://twitter.com/AltPhinny/status/1388271169674129409/photo/1,downloaded_images/twitter_1388271169674129409.jpg,"Too blurry, NEXT"
267,https://twitter.com/AltPhinny/status/1388271556183351296/photo/1,downloaded_images/twitter_1388271556183351296.jpg,I know treats when I sense them!
268,https://twitter.com/AltPhinny/status/1388271664006406148/photo/1,downloaded_images/twitter_1388271664006406148.jpg,My goal is to sleep in every part of the house
269,https://twitter.com/AltPhinny/status/1388271773955801088/photo/1,downloaded_images/twitter_1388271773955801088.jpg,CUT. MY. HAIR
270,https://twitter.com/AltPhinny/status/1388271940582973442/photo/1,downloaded_images/twitter_1388271940582973442.jpg,Just caught up on the latest Dream SMP lore...
271,https://twitter.com/AltPhinny/status/1388272082765635585/photo/1,downloaded_images/twitter_1388272082765635585.jpg,I cannot resist the pickle
272,https://twitter.com/AltPhinny/status/1388272236608376832/photo/1,downloaded_images/twitter_1388272236608376832.jpg,"Why'd you wake me up in the middle of the night, "
273,https://twitter.com/AltPhinny/status/1388272357907832836/photo/1,downloaded_images/twitter_1388272357907832836.jpg,"Gimme some of that, "
274,https://twitter.com/AltPhinny/status/1388272634266333187/photo/1,downloaded_images/twitter_1388272634266333187.jpg,Let me rest in peace!
275,https://twitter.com/AltPhinny/status/1388272822728994819/photo/1,downloaded_images/twitter_1388272822728994819.jpg,I just remembered that I have another homework assignment due (bots incoming)
276,https://twitter.com/AltPhinny/status/1388273031081074690/photo/1,downloaded_images/twitter_1388273031081074690.jpg,Why do I stand up so often...
277,https://twitter.com/AltPhinny/status/1388273178842124290/photo/1,downloaded_images/twitter_1388273178842124290.jpg,People of Georgia!!
278,https://twitter.com/AltPhinny/status/1388273299000594434/photo/1,downloaded_images/twitter_1388273299000594434.jpg,I guess I'm pouting for some reason now...
279,https://twitter.com/AltPhinny/status/1388273450255589376/photo/1,downloaded_images/twitter_1388273450255589376.jpg,"My hair is cut, and I am now sad"
280,https://twitter.com/AltPhinny/status/1388273893908140033/photo/1,downloaded_images/twitter_1388273893908140033.jpg,"Why put me through this humiliation, "
281,https://twitter.com/AltPhinny/status/1388324576841588739/photo/1,downloaded_images/twitter_1388324576841588739.jpg,I am lit
282,https://twitter.com/AltPhinny/status/1388324603609681921/photo/1,downloaded_images/twitter_1388324603609681921.jpg,I look at right now and see glimpses of my past
283,https://twitter.com/AltPhinny/status/1388324631971500034/photo/1,downloaded_images/twitter_1388324631971500034.jpg,"Unblock me, Dream!"
284,https://twitter.com/AltPhinny/status/1388324735646371840/photo/1,downloaded_images/twitter_1388324735646371840.jpg,Will Thomas the Tank Engine Innit follow me?
285,https://twitter.com/AltPhinny/status/1388324843205103625/photo/1,downloaded_images/twitter_1388324843205103625.jpg,I will finally celebrate my birthday when 
286,https://twitter.com/AltPhinny/status/1388324922217353226/photo/1,downloaded_images/twitter_1388324922217353226.jpg,This picture is weird...
287,https://twitter.com/AltPhinny/status/1388325043990679555/photo/1,downloaded_images/twitter_1388325043990679555.jpg,"There is no such thing as Rat, only fur"
288,https://twitter.com/AltPhinny/status/1412076085144133632/photo/1,downloaded_images/twitter_1412076085144133632.jpg,"Amazing, "
289,https://twitter.com/AltPhinny/status/1412076445858402309/photo/1,downloaded_images/twitter_1412076445858402309.jpg,Umm...
290,https://twitter.com/AltPhinny/status/1412076495674224644/photo/1,downloaded_images/twitter_1412076495674224644.jpg,Wake me up when it's all over
291,https://twitter.com/AltPhinny/status/1412076538749722624/photo/1,downloaded_images/twitter_1412076538749722624.jpg,Go away!!
292,https://twitter.com/AltPhinny/status/1412076569556930568/photo/1,downloaded_images/twitter_1412076569556930568.jpg,Quack!
293,https://twitter.com/AltPhinny/status/1412076609046298628/photo/1,downloaded_images/twitter_1412076609046298628.jpg,"I am deeply hurt, "
294,https://twitter.com/AltPhinny/status/1412076646979547142/photo/1,downloaded_images/twitter_1412076646979547142.jpg,Dogs don't eat PB&J!
295,https://twitter.com/AltPhinny/status/1412076780014477315/photo/1,downloaded_images/twitter_1412076780014477315.jpg,I'm now Rat√® Bot!
296,https://twitter.com/AltPhinny/status/1412077085712171010/photo/1,downloaded_images/twitter_1412077085712171010.jpg,Bad got another Big Daddy mug...
297,https://twitter.com/AltPhinny/status/1412077132453453831/photo/1,downloaded_images/twitter_1412077132453453831.jpg,My tongue is longer than yours!
298,https://twitter.com/AltPhinny/status/1412077154406486019/photo/1,downloaded_images/twitter_1412077154406486019.jpg,The stick will DIE!
299,https://twitter.com/AltPhinny/status/1412077200250224640/photo/1,downloaded_images/twitter_1412077200250224640.jpg,I wear a mask with a smile for hours at a time...
300,https://twitter.com/AltPhinny/status/1412077375681175558/photo/1,downloaded_images/twitter_1412077375681175558.jpg,Bad can't tell us apart :(
301,https://twitter.com/AltPhinny/status/1412077410531614721/photo/1,downloaded_images/twitter_1412077410531614721.jpg,Get. Him. Off. Me.
302,https://twitter.com/AltPhinny/status/1412077446585802752/photo/1,downloaded_images/twitter_1412077446585802752.jpg,Boing!
303,https://twitter.com/AltPhinny/status/1412077486091952133/photo/1,downloaded_images/twitter_1412077486091952133.jpg,Am I a Rat or a muffin?
304,https://twitter.com/AltPhinny/status/1412077516177784840/photo/1,downloaded_images/twitter_1412077516177784840.jpg,MAKE THIS A THING!
305,https://twitter.com/AltPhinny/status/1412077532191641601/photo/1,downloaded_images/twitter_1412077532191641601.jpg,Motion blur makes everything better!
306,https://twitter.com/AltPhinny/status/1412077562579275784/photo/1,downloaded_images/twitter_1412077562579275784.jpg,I have bug eyes
307,https://twitter.com/AltPhinny/status/1412077590043672583/photo/1,downloaded_images/twitter_1412077590043672583.jpg,NOM!
308,https://twitter.com/AltPhinny/status/1412077611782660099/photo/1,downloaded_images/twitter_1412077611782660099.jpg,"Uhh, time to move on, "
309,https://twitter.com/AltPhinny/status/1412077653272707072/photo/1,downloaded_images/twitter_1412077653272707072.jpg,"Why have we stopped, "
310,https://twitter.com/AltPhinny/status/1412077669630492673/photo/1,downloaded_images/twitter_1412077669630492673.jpg,Post this to my Instagram!
311,https://twitter.com/AltPhinny/status/1412077695488475138/photo/1,downloaded_images/twitter_1412077695488475138.jpg,I am very 'boop'able
312,https://twitter.com/AltPhinny/status/1412077722260627461/photo/1,downloaded_images/twitter_1412077722260627461.jpg,Rat in blue
313,https://twitter.com/AltPhinny/status/1412077748114399236/photo/1,downloaded_images/twitter_1412077748114399236.jpg,Whoa there!
314,https://twitter.com/AltPhinny/status/1412077777373831175/photo/1,downloaded_images/twitter_1412077777373831175.jpg,"Are you done there, "
315,https://twitter.com/AltPhinny/status/1412077803844034562/photo/1,downloaded_images/twitter_1412077803844034562.jpg,Yum!
316,https://twitter.com/AltPhinny/status/1412077846445625347/photo/1,downloaded_images/twitter_1412077846445625347.jpg,I am pleading with 
317,https://twitter.com/AltPhinny/status/1412077870231568391/photo/1,downloaded_images/twitter_1412077870231568391.jpg,*Licks*
318,https://twitter.com/AltPhinny/status/1412077901130969099/photo/1,downloaded_images/twitter_1412077901130969099.jpg,Upside-down Rat
319,https://twitter.com/AltPhinny/status/1412077925965434882/photo/1,downloaded_images/twitter_1412077925965434882.jpg,I don't see anything wrong with this
320,https://twitter.com/AltPhinny/status/1412077950858633221/photo/1,downloaded_images/twitter_1412077950858633221.jpg,What's your obsession with taking pictures of me with a blanket?
321,https://twitter.com/AltPhinny/status/1412077973587566601/photo/1,downloaded_images/twitter_1412077973587566601.jpg,This drama is AWESOME!
322,https://twitter.com/AltPhinny/status/1412077996828237827/photo/1,downloaded_images/twitter_1412077996828237827.jpg,Why are we at the McDonald's drive-thru?!
323,https://twitter.com/AltPhinny/status/1412078025160671242/photo/1,downloaded_images/twitter_1412078025160671242.jpg,Quakc
324,https://twitter.com/AltPhinny/status/1412078052339765252/photo/1,downloaded_images/twitter_1412078052339765252.jpg,GEROFF!
325,https://twitter.com/AltPhinny/status/1412078076293533697/photo/1,downloaded_images/twitter_1412078076293533697.jpg,EEEEEEE!!
326,https://twitter.com/AltPhinny/status/1412078096900149255/photo/1,downloaded_images/twitter_1412078096900149255.jpg,"Let me out, "
327,https://twitter.com/AltPhinny/status/1412078123068411910/photo/1,downloaded_images/twitter_1412078123068411910.jpg,The snack...is right there
328,https://twitter.com/AltPhinny/status/1412088738105237507/photo/1,downloaded_images/twitter_1412088738105237507.jpg,"Just let me sleep, "
329,https://twitter.com/AltPhinny/status/1412088794287849477/photo/1,downloaded_images/twitter_1412088794287849477.jpg,"Do you like my Dream shirt, "
330,https://twitter.com/AltPhinny/status/1412088816186363904/photo/1,downloaded_images/twitter_1412088816186363904.jpg,Esta caliente
331,https://twitter.com/AltPhinny/status/1412088844858560514/photo/1,downloaded_images/twitter_1412088844858560514.jpg,RAT PARTY!! (@ratparty_ please follow me)
332,https://twitter.com/AltPhinny/status/1412088863040983041/photo/1,downloaded_images/twitter_1412088863040983041.jpg,Blurry Rat
333,https://twitter.com/AltPhinny/status/1412088920733622274/photo/1,downloaded_images/twitter_1412088920733622274.jpg,Loopy Rat
334,https://twitter.com/AltPhinny/status/1412088954044682245/photo/1,downloaded_images/twitter_1412088954044682245.jpg,Okie
335,https://twitter.com/AltPhinny/status/1412088979961389061/photo/1,downloaded_images/twitter_1412088979961389061.jpg,Very tall hat!
336,https://twitter.com/AltPhinny/status/1412089010743296000/photo/1,downloaded_images/twitter_1412089010743296000.jpg,Why did @phineas1500 add this...
337,https://twitter.com/AltPhinny/status/1412089043391848454/photo/1,downloaded_images/twitter_1412089043391848454.jpg,"I am shocked, "
338,https://twitter.com/AltPhinny/status/1412089070801543171/photo/1,downloaded_images/twitter_1412089070801543171.jpg,I don't like potato
339,https://twitter.com/AltPhinny/status/1412089104825827328/photo/1,downloaded_images/twitter_1412089104825827328.jpg,ZZZZZ
340,https://twitter.com/AltPhinny/status/1412089140032720903/photo/1,downloaded_images/twitter_1412089140032720903.jpg,I think I've already added this pic to the bot...
341,https://twitter.com/AltPhinny/status/1412089167543164931/photo/1,downloaded_images/twitter_1412089167543164931.jpg,Bad and I with our friends!
342,https://twitter.com/AltPhinny/status/1412089200636203017/photo/1,downloaded_images/twitter_1412089200636203017.jpg,"Leave me alone, "
343,https://twitter.com/AltPhinny/status/1412089224866799617/photo/1,downloaded_images/twitter_1412089224866799617.jpg,Hewwo
344,https://twitter.com/AltPhinny/status/1412089258836467717/photo/1,downloaded_images/twitter_1412089258836467717.jpg,Orange
345,https://twitter.com/AltPhinny/status/1412089273675878403/photo/1,downloaded_images/twitter_1412089273675878403.jpg,Hard choice I have to make
346,https://twitter.com/AltPhinny/status/1412089304650858501/photo/1,downloaded_images/twitter_1412089304650858501.jpg,All I want to do is rest after a tiring day
347,https://twitter.com/AltPhinny/status/1412089333616676865/photo/1,downloaded_images/twitter_1412089333616676865.jpg,Night night!
348,https://twitter.com/AltPhinny/status/1412089363509436417/photo/1,downloaded_images/twitter_1412089363509436417.jpg,I am worried about 
349,https://twitter.com/AltPhinny/status/1412089386699739138/photo/1,downloaded_images/twitter_1412089386699739138.jpg,I yoinked 
350,https://twitter.com/AltPhinny/status/1412089412935168011/photo/1,downloaded_images/twitter_1412089412935168011.jpg,Nose reveal
351,https://twitter.com/AltPhinny/status/1412089441926144001/photo/1,downloaded_images/twitter_1412089441926144001.jpg,Another repeat pic!
352,https://twitter.com/AltPhinny/status/1412089486213799937/photo/1,downloaded_images/twitter_1412089486213799937.jpg,Someone took a screenie of me on a stream. How rude!
353,https://twitter.com/AltPhinny/status/1412089529654185989/photo/1,downloaded_images/twitter_1412089529654185989.jpg,Baby Rat
354,https://twitter.com/AltPhinny/status/1412089549707268097/photo/1,downloaded_images/twitter_1412089549707268097.jpg,Grrrr
355,https://twitter.com/AltPhinny/status/1412089581604950018/photo/1,downloaded_images/twitter_1412089581604950018.jpg,You are wanted!
356,https://twitter.com/AltPhinny/status/1412089606070284294/photo/1,downloaded_images/twitter_1412089606070284294.jpg,ACHOOOOO!!!
357,https://twitter.com/AltPhinny/status/1412089671732051972/photo/1,downloaded_images/twitter_1412089671732051972.jpg,Another repeat pic I believe!
358,https://twitter.com/AltPhinny/status/1412089705802440706/photo/1,downloaded_images/twitter_1412089705802440706.jpg,"GET OFF MINECRAFT, "
359,https://twitter.com/AltPhinny/status/1412090131364913157/photo/1,downloaded_images/twitter_1412090131364913157.jpg,Who will nom?
360,https://twitter.com/AltPhinny/status/1412090157419880450/photo/1,downloaded_images/twitter_1412090157419880450.jpg,Floof
361,https://twitter.com/AltPhinny/status/1412090348415881217/photo/1,downloaded_images/twitter_1412090348415881217.jpg,Head tilts are a guaranteed cuteness boost
362,https://twitter.com/AltPhinny/status/1412090367500038146/photo/1,downloaded_images/twitter_1412090367500038146.jpg,This is like that jschatt pic
363,https://twitter.com/AltPhinny/status/1412090476010819585/photo/1,downloaded_images/twitter_1412090476010819585.jpg,*Yawns*
364,https://twitter.com/AltPhinny/status/1412090510764908550/photo/1,downloaded_images/twitter_1412090510764908550.jpg,Is this Rat or Gambit?
365,https://twitter.com/AltPhinny/status/1412090538258538496/photo/1,downloaded_images/twitter_1412090538258538496.jpg,"One of you is doing something wrong, I just need to find out who it is"
366,https://twitter.com/AltPhinny/status/1412090562405179394/photo/1,downloaded_images/twitter_1412090562405179394.jpg,The person who wakes me up will be cursed to eternal anguish
367,https://twitter.com/AltPhinny/status/1412090595590430725/photo/1,downloaded_images/twitter_1412090595590430725.jpg,I heard treats!
368,https://twitter.com/AltPhinny/status/1412090614083198978/photo/1,downloaded_images/twitter_1412090614083198978.jpg,"As always, I'm a tall giant"
369,https://twitter.com/AltPhinny/status/1412090635130114048/photo/1,downloaded_images/twitter_1412090635130114048.jpg,"Don't worry, "
370,https://twitter.com/AltPhinny/status/1412090737345302528/photo/1,downloaded_images/twitter_1412090737345302528.jpg,WHAT IN THE
371,https://twitter.com/AltPhinny/status/1412090776989929475/photo/1,downloaded_images/twitter_1412090776989929475.jpg,"Baths are TERRIBLE, "
372,https://twitter.com/AltPhinny/status/1412090823102107650/photo/1,downloaded_images/twitter_1412090823102107650.jpg,Cozy
373,https://twitter.com/AltPhinny/status/1412090864638255114/photo/1,downloaded_images/twitter_1412090864638255114.jpg,Good night moon
374,https://twitter.com/AltPhinny/status/1412090899279106054/photo/1,downloaded_images/twitter_1412090899279106054.jpg,"Arr, me hearties, I do be Pirate Rat!"
375,https://twitter.com/AltPhinny/status/1412090941565984771/photo/1,downloaded_images/twitter_1412090941565984771.jpg,Huh?
376,https://twitter.com/AltPhinny/status/1412091011795410945/photo/1,downloaded_images/twitter_1412091011795410945.jpg,Why am I turning my neck?
377,https://twitter.com/AltPhinny/status/1412091145589596166/photo/1,downloaded_images/twitter_1412091145589596166.jpg,I HAVE NO ARMS!!
378,https://twitter.com/AltPhinny/status/1412091178443497472/photo/1,downloaded_images/twitter_1412091178443497472.jpg,Sad for some reason
379,https://twitter.com/AltPhinny/status/1412091200786604032/photo/1,downloaded_images/twitter_1412091200786604032.jpg,For some reason this pic reminds me of something...
380,https://twitter.com/AltPhinny/status/1412091271456473089/photo/1,downloaded_images/twitter_1412091271456473089.jpg,TREATS?!
381,https://twitter.com/AltPhinny/status/1412091313714089986/photo/1,downloaded_images/twitter_1412091313714089986.jpg,That's odd
382,https://twitter.com/AltPhinny/status/1412091348916834304/photo/1,downloaded_images/twitter_1412091348916834304.jpg,Do I need a cut?
383,https://twitter.com/AltPhinny/status/1412091395368751106/photo/1,downloaded_images/twitter_1412091395368751106.jpg,Hi-lo!
384,https://twitter.com/AltPhinny/status/1412091420672921610/photo/1,downloaded_images/twitter_1412091420672921610.jpg,You caption this pic!
385,https://twitter.com/AltPhinny/status/1412091483809779719/photo/1,downloaded_images/twitter_1412091483809779719.jpg,Fwiends!
386,https://twitter.com/AltPhinny/status/1412091508325597190/photo/1,downloaded_images/twitter_1412091508325597190.jpg,Why is Bad suddenly made out of vinyl?
387,https://twitter.com/AltPhinny/status/1412091526981816320/photo/1,downloaded_images/twitter_1412091526981816320.jpg,Ok
388,https://twitter.com/AltPhinny/status/1412091560234258435/photo/1,downloaded_images/twitter_1412091560234258435.jpg,Am I being punished?
389,https://twitter.com/AltPhinny/status/1412091616110731269/photo/1,downloaded_images/twitter_1412091616110731269.jpg,Quack nom
390,https://twitter.com/AltPhinny/status/1412091685249634307/photo/1,downloaded_images/twitter_1412091685249634307.jpg,GET THIS OFF ME!
391,https://twitter.com/AltPhinny/status/1412091710360928257/photo/1,downloaded_images/twitter_1412091710360928257.jpg,I'm resigned to the fact that I have to wear this for Bad's clout
392,https://twitter.com/AltPhinny/status/1412091741650436100/photo/1,downloaded_images/twitter_1412091741650436100.jpg,Can I even sleep with this duck on me?!
393,https://twitter.com/AltPhinny/status/1412091772881276931/photo/1,downloaded_images/twitter_1412091772881276931.jpg,Don't give me duck food
394,https://twitter.com/AltPhinny/status/1412091807282958336/photo/1,downloaded_images/twitter_1412091807282958336.jpg,They ask you how you are and you just have to say that you're fine when you're not really fine...
395,https://twitter.com/AltPhinny/status/1412091886140116993/photo/1,downloaded_images/twitter_1412091886140116993.jpg,Buy it so I can afford treats
396,https://twitter.com/AltPhinny/status/1412091962509963264/photo/1,downloaded_images/twitter_1412091962509963264.jpg,I see me!
397,https://twitter.com/AltPhinny/status/1412092033301467153/photo/1,downloaded_images/twitter_1412092033301467153.jpg,Camewa
398,https://twitter.com/AltPhinny/status/1412092100552925184/photo/1,downloaded_images/twitter_1412092100552925184.jpg,BOOP!
399,https://twitter.com/AltPhinny/status/1412092167552647168/photo/1,downloaded_images/twitter_1412092167552647168.jpg,Is this edible?
400,https://twitter.com/AltPhinny/status/1412092316106493971/photo/1,downloaded_images/twitter_1412092316106493971.jpg,What am I looking at?
401,https://twitter.com/AltPhinny/status/1412092354614468610/photo/1,downloaded_images/twitter_1412092354614468610.jpg,We're best friends!
402,https://twitter.com/AltPhinny/status/1412092409354362888/photo/1,downloaded_images/twitter_1412092409354362888.jpg,"Phew, that was tiring"
403,https://twitter.com/AltPhinny/status/1412092471593553926/photo/1,downloaded_images/twitter_1412092471593553926.jpg,Leave me be!
404,https://twitter.com/AltPhinny/status/1412092488517656579/photo/1,downloaded_images/twitter_1412092488517656579.jpg,This is your fault
405,https://twitter.com/AltPhinny/status/1412092534881456129/photo/1,downloaded_images/twitter_1412092534881456129.jpg,Plop!
406,https://twitter.com/AltPhinny/status/1412092564371644418/photo/1,downloaded_images/twitter_1412092564371644418.jpg,I love chocolate!!
407,https://twitter.com/AltPhinny/status/1412092647792164867/photo/1,downloaded_images/twitter_1412092647792164867.jpg,I love my stuffed animal!
408,https://twitter.com/AltPhinny/status/1412092718608756743/photo/1,downloaded_images/twitter_1412092718608756743.jpg,Idiot @phineas1500 is adding a lot of repeat pics...
409,https://twitter.com/AltPhinny/status/1412092948104294401/photo/1,downloaded_images/twitter_1412092948104294401.jpg,Not liking what I'm seeing
410,https://twitter.com/AltPhinny/status/1412092974696173583/photo/1,downloaded_images/twitter_1412092974696173583.jpg,EEEEE!!
411,https://twitter.com/AltPhinny/status/1412093022842523649/photo/1,downloaded_images/twitter_1412093022842523649.jpg,Wot
412,https://twitter.com/AltPhinny/status/1412093051854524419/photo/1,downloaded_images/twitter_1412093051854524419.jpg,Getting my Z's
413,https://twitter.com/AltPhinny/status/1412093101020229633/photo/1,downloaded_images/twitter_1412093101020229633.jpg,Sleepy Rat cam
414,https://twitter.com/AltPhinny/status/1412093191541645318/photo/1,downloaded_images/twitter_1412093191541645318.jpg,I still don't like my new stuffed animal
415,https://twitter.com/AltPhinny/status/1412093237511217159/photo/1,downloaded_images/twitter_1412093237511217159.jpg,Wot
416,https://twitter.com/AltPhinny/status/1412093278833590275/photo/1,downloaded_images/twitter_1412093278833590275.jpg,That's poggers!
417,https://twitter.com/AltPhinny/status/1412093308520783875/photo/1,downloaded_images/twitter_1412093308520783875.jpg,I need food
418,https://twitter.com/AltPhinny/status/1412093339697127424/photo/1,downloaded_images/twitter_1412093339697127424.jpg,I'm Justin Bieber!
419,https://twitter.com/AltPhinny/status/1412093365798252556/photo/1,downloaded_images/twitter_1412093365798252556.jpg,Bad will pay...
420,https://twitter.com/AltPhinny/status/1412093411407110152/photo/1,downloaded_images/twitter_1412093411407110152.jpg,It's a hard-knock life
421,https://twitter.com/AltPhinny/status/1412093461281509381/photo/1,downloaded_images/twitter_1412093461281509381.jpg,Blurry Rat is beautiful Rat
422,https://twitter.com/AltPhinny/status/1412093539295633411/photo/1,downloaded_images/twitter_1412093539295633411.jpg,I wonder what I'm eating...
423,https://twitter.com/AltPhinny/status/1412093617192198144/photo/1,downloaded_images/twitter_1412093617192198144.jpg,Why is the camera not focused on me?
424,https://twitter.com/AltPhinny/status/1412093674352164866/photo/1,downloaded_images/twitter_1412093674352164866.jpg,I don't touch blurry hands
425,https://twitter.com/AltPhinny/status/1412093732699136005/photo/1,downloaded_images/twitter_1412093732699136005.jpg,I can stand!!
426,https://twitter.com/AltPhinny/status/1412093807676514316/photo/1,downloaded_images/twitter_1412093807676514316.jpg,Yum-yum!
427,https://twitter.com/AltPhinny/status/1412093857135841281/photo/1,downloaded_images/twitter_1412093857135841281.jpg,Goodbye
428,https://twitter.com/AltPhinny/status/1412093885623541760/photo/1,downloaded_images/twitter_1412093885623541760.jpg,Comfy
429,https://twitter.com/AltPhinny/status/1412093929110003715/photo/1,downloaded_images/twitter_1412093929110003715.jpg,My YouTube profile pic!
430,https://twitter.com/AltPhinny/status/1412093966703546376/photo/1,downloaded_images/twitter_1412093966703546376.jpg,Get your muffin mix here!
431,https://twitter.com/AltPhinny/status/1412094015219146756/photo/1,downloaded_images/twitter_1412094015219146756.jpg,I want da Fanta!
432,https://twitter.com/AltPhinny/status/1412094188502585345/photo/1,downloaded_images/twitter_1412094188502585345.jpg,I'm in the Army!
433,https://twitter.com/AltPhinny/status/1422209924688396301/photo/1,downloaded_images/twitter_1422209924688396301.jpg,I want to eat this
434,https://twitter.com/AltPhinny/status/1422210333658296322/photo/1,downloaded_images/twitter_1422210333658296322.jpg,Poof!
435,https://twitter.com/AltPhinny/status/1422210921989120002/photo/1,downloaded_images/twitter_1422210921989120002.jpg,No camera allowed!
436,https://twitter.com/AltPhinny/status/1422211396117348354/photo/1,downloaded_images/twitter_1422211396117348354.jpg,Gimme my snacks
437,https://twitter.com/AltPhinny/status/1422211427503378432/photo/1,downloaded_images/twitter_1422211427503378432.jpg,Adidas!
438,https://twitter.com/AltPhinny/status/1422211452862177284/photo/1,downloaded_images/twitter_1422211452862177284.jpg,Please stop petting me
439,https://twitter.com/AltPhinny/status/1422211514963042307/photo/1,downloaded_images/twitter_1422211514963042307.jpg,Amazing!
440,https://twitter.com/AltPhinny/status/1422211535921983497/photo/1,downloaded_images/twitter_1422211535921983497.jpg,:p
441,https://twitter.com/AltPhinny/status/1422211555471593473/photo/1,downloaded_images/twitter_1422211555471593473.jpg,Z_Z
442,https://twitter.com/AltPhinny/status/1422211581295964160/photo/1,downloaded_images/twitter_1422211581295964160.jpg,I'm the queen of num-nums!
443,https://twitter.com/AltPhinny/status/1422211603206971394/photo/1,downloaded_images/twitter_1422211603206971394.jpg,Mr. @phineas1500 has found a lot of four-leaf clovers in his time
444,https://twitter.com/AltPhinny/status/1422211667593728006/photo/1,downloaded_images/twitter_1422211667593728006.jpg,Another repeat pic!
445,https://twitter.com/AltPhinny/status/1422211690280665092/photo/1,downloaded_images/twitter_1422211690280665092.jpg,NOM
446,https://twitter.com/AltPhinny/status/1422211779980054529/photo/1,downloaded_images/twitter_1422211779980054529.jpg,Grrr
447,https://twitter.com/AltPhinny/status/1422211816596426756/photo/1,downloaded_images/twitter_1422211816596426756.jpg,I'm in a vortex!
448,https://twitter.com/AltPhinny/status/1422211836884180992/photo/1,downloaded_images/twitter_1422211836884180992.jpg,Another Rat cam pic
449,https://twitter.com/AltPhinny/status/1422211887450701826/photo/1,downloaded_images/twitter_1422211887450701826.jpg,Boo-a-peek!
450,https://twitter.com/AltPhinny/status/1422211967348051979/photo/1,downloaded_images/twitter_1422211967348051979.jpg,Do I need a trim?
451,https://twitter.com/AltPhinny/status/1422211988508266500/photo/1,downloaded_images/twitter_1422211988508266500.jpg,Use this as your banner!
452,https://twitter.com/AltPhinny/status/1422212078174154753/photo/1,downloaded_images/twitter_1422212078174154753.jpg,Beb√® Rat
453,https://twitter.com/AltPhinny/status/1422212179957329921/photo/1,downloaded_images/twitter_1422212179957329921.jpg,Gimme!
454,https://twitter.com/AltPhinny/status/1422214048679186436/photo/1,downloaded_images/twitter_1422214048679186436.jpg,Spot me in this!
455,https://twitter.com/AltPhinny/status/1422215596289241093/photo/1,downloaded_images/twitter_1422215596289241093.jpg,You're playing with me
456,https://twitter.com/AltPhinny/status/1422215620314152961/photo/1,downloaded_images/twitter_1422215620314152961.jpg,Fuzzy
457,https://twitter.com/AltPhinny/status/1422215668301172736/photo/1,downloaded_images/twitter_1422215668301172736.jpg,Rat burrito
458,https://twitter.com/AltPhinny/status/1422217554567868424/photo/1,downloaded_images/twitter_1422217554567868424.jpg,Skateboarder Rat
459,https://twitter.com/AltPhinny/status/1422217600247926795/photo/1,downloaded_images/twitter_1422217600247926795.jpg,Are we done? I'm not liking your additude
460,https://twitter.com/AltPhinny/status/1422218104927662087/photo/1,downloaded_images/twitter_1422218104927662087.jpg,Are you ready?
461,https://twitter.com/AltPhinny/status/1422218131376852995/photo/1,downloaded_images/twitter_1422218131376852995.jpg,I'm just watching the drama unfold
462,https://twitter.com/AltPhinny/status/1422218210988986369/photo/1,downloaded_images/twitter_1422218210988986369.jpg,ZOOM!
463,https://twitter.com/AltPhinny/status/1422218254760779778/photo/1,downloaded_images/twitter_1422218254760779778.jpg,Time to mope
464,https://twitter.com/AltPhinny/status/1422218280987660291/photo/1,downloaded_images/twitter_1422218280987660291.jpg,Do you have any issues with me?
465,https://twitter.com/AltPhinny/status/1422218375749672961/photo/1,downloaded_images/twitter_1422218375749672961.jpg,Profile picture Rat!
466,https://twitter.com/AltPhinny/status/1422218453080018948/photo/1,downloaded_images/twitter_1422218453080018948.jpg,Stop. Taking. Pictures. Of. Me. In. Bed.
467,https://twitter.com/AltPhinny/status/1422218615588278274/photo/1,downloaded_images/twitter_1422218615588278274.jpg,Time for a walk?
468,https://twitter.com/AltPhinny/status/1422218760686120960/photo/1,downloaded_images/twitter_1422218760686120960.jpg,My eyes are my defining feature
469,https://twitter.com/AltPhinny/status/1422218956564307968/photo/1,downloaded_images/twitter_1422218956564307968.jpg,Is this pic even discernible?
470,https://twitter.com/AltPhinny/status/1422219107295023104/photo/1,downloaded_images/twitter_1422219107295023104.jpg,I like my red vest
471,https://twitter.com/AltPhinny/status/1422219149879693315/photo/1,downloaded_images/twitter_1422219149879693315.jpg,I recognize this pic...
472,https://twitter.com/AltPhinny/status/1422219201905897474/photo/1,downloaded_images/twitter_1422219201905897474.jpg,You know I have a face...
473,https://twitter.com/AltPhinny/status/1422219224538288132/photo/1,downloaded_images/twitter_1422219224538288132.jpg,Banner Rat!
474,https://twitter.com/AltPhinny/status/1422219244842930178/photo/1,downloaded_images/twitter_1422219244842930178.jpg,Back in my day...
475,https://twitter.com/AltPhinny/status/1422219315110162433/photo/1,downloaded_images/twitter_1422219315110162433.jpg,Confused Rat
476,https://twitter.com/AltPhinny/status/1422219355555864580/photo/1,downloaded_images/twitter_1422219355555864580.jpg,Almost done with the captions
477,https://twitter.com/AltPhinny/status/1422219379123621888/photo/1,downloaded_images/twitter_1422219379123621888.jpg,The first pic in the Rat album!
478,https://twitter.com/AltPhinny/status/1422223220183388163/photo/1,downloaded_images/twitter_1422223220183388163.jpg,Drip Rat
479,https://twitter.com/AltPhinny/status/1422223253372907522/photo/1,downloaded_images/twitter_1422223253372907522.jpg,"This looks unusual, "
480,https://twitter.com/AltPhinny/status/1422291405268033539/photo/1,downloaded_images/twitter_1422291405268033539.jpg,Gogy is a Rat Stan!
481,https://twitter.com/AltPhinny/status/1422292106249375749/photo/1,downloaded_images/twitter_1422292106249375749.jpg,It's a struggle being me
482,https://twitter.com/AltPhinny/status/1422292843788480517/photo/1,downloaded_images/twitter_1422292843788480517.jpg,This is fine
483,https://twitter.com/AltPhinny/status/1604937164223029256/photo/1,downloaded_images/twitter_1604937164223029256.jpg,RAWR
484,https://twitter.com/AltPhinny/status/1604937377880875023/photo/1,downloaded_images/twitter_1604937377880875023.jpg,I have flawless teeth
485,https://twitter.com/AltPhinny/status/1604937589999411214/photo/1,downloaded_images/twitter_1604937589999411214.jpg,BABY SHARK DODODODODODO
486,https://twitter.com/AltPhinny/status/1604937876944609280/photo/1,downloaded_images/twitter_1604937876944609280.jpg,"Jingle Bells, Batman Smells"
487,https://twitter.com/AltPhinny/status/1604938123758436353/photo/1,downloaded_images/twitter_1604938123758436353.jpg,Why does BBH look different...
488,https://twitter.com/AltPhinny/status/1604938290905243648/photo/1,downloaded_images/twitter_1604938290905243648.jpg,Could you brush the hair out of my eye?
489,https://twitter.com/AltPhinny/status/1604938512654016518/photo/1,downloaded_images/twitter_1604938512654016518.jpg,Yoga time!
490,https://twitter.com/AltPhinny/status/1604938705105346560/photo/1,downloaded_images/twitter_1604938705105346560.jpg,I'm hungy
491,https://twitter.com/AltPhinny/status/1604938862446661632/photo/1,downloaded_images/twitter_1604938862446661632.jpg,I'd like to apologize for my past actions
492,https://twitter.com/AltPhinny/status/1604939377649799168/photo/1,downloaded_images/twitter_1604939377649799168.jpg,I hate looking like a rat
493,https://twitter.com/AltPhinny/status/1604939575809298432/photo/1,downloaded_images/twitter_1604939575809298432.jpg,Hiya!
494,https://twitter.com/AltPhinny/status/1604939747822018585/photo/1,downloaded_images/twitter_1604939747822018585.jpg,Very snazzy
495,https://twitter.com/AltPhinny/status/1604940019524837393/photo/1,downloaded_images/twitter_1604940019524837393.jpg,I like scratchies
496,https://twitter.com/AltPhinny/status/1604940190308507657/photo/1,downloaded_images/twitter_1604940190308507657.jpg,We're indiscernible
497,https://twitter.com/AltPhinny/status/1604940428993765383/photo/1,downloaded_images/twitter_1604940428993765383.jpg,Clean as a feather
498,https://twitter.com/AltPhinny/status/1604940637777694720/photo/1,downloaded_images/twitter_1604940637777694720.jpg,New kids on the block
499,https://twitter.com/AltPhinny/status/1604940935846060032/photo/1,downloaded_images/twitter_1604940935846060032.jpg,I could be like this forever
500,https://twitter.com/AltPhinny/status/1615209748328058881/photo/1,downloaded_images/twitter_1615209748328058881.jpg,"Keep your friends close, and your enemies closer..."
501,https://twitter.com/AltPhinny/status/1615209773774917635/photo/1,downloaded_images/twitter_1615209773774917635.jpg,"What is my purpose, but to suffer?!"
502,https://twitter.com/AltPhinny/status/1615209803302707200/photo/1,downloaded_images/twitter_1615209803302707200.jpg,This is my final stand
503,https://twitter.com/AltPhinny/status/1615209824572305409/photo/1,downloaded_images/twitter_1615209824572305409.jpg,"WHY ARE YOU HELPING HIM, BAD?!"
504,https://twitter.com/AltPhinny/status/1615209844729954305/photo/1,downloaded_images/twitter_1615209844729954305.jpg,So I'm just baggage then
505,https://twitter.com/AltPhinny/status/1623106228246261763/photo/1,downloaded_images/twitter_1623106228246261763.jpg,Queen-sized bed for a queen
506,https://twitter.com/AltPhinny/status/1623106262375272450/photo/1,downloaded_images/twitter_1623106262375272450.jpg,Is something about to happen?
507,https://twitter.com/AltPhinny/status/1623106290829479936/photo/1,downloaded_images/twitter_1623106290829479936.jpg,Why is a random man holding me with his mouth wide-open while Bad is pointing with his fingers making a triangle shape?
508,https://twitter.com/AltPhinny/status/1623106322328690689/photo/1,downloaded_images/twitter_1623106322328690689.jpg,STOP SMILING LIKE THAT!!
509,https://twitter.com/AltPhinny/status/1623106349855830018/photo/1,downloaded_images/twitter_1623106349855830018.jpg,I sense treats nearby
510,https://twitter.com/AltPhinny/status/1624883361645748230/photo/1,downloaded_images/twitter_1624883361645748230.jpg,"ROCCO, AT LONG LAST!!"
511,https://twitter.com/AltPhinny/status/1624883393706983425/photo/1,downloaded_images/twitter_1624883393706983425.jpg,AEOUNGH!
512,https://twitter.com/AltPhinny/status/1624883430583418881/photo/1,downloaded_images/twitter_1624883430583418881.jpg,I like the yellow North Face logo on your shirt
513,https://twitter.com/AltPhinny/status/1624883459637354498/photo/1,downloaded_images/twitter_1624883459637354498.jpg,"Good day, stream"
514,https://twitter.com/AltPhinny/status/1624883482794024963/photo/1,downloaded_images/twitter_1624883482794024963.jpg,"Please stop glaring at me, Skeppy"